noise_prop,worker_avg_f1,worker_std_f1,test_accuracy,model_precision,model_recall,model_f1
0.86,0.9520604567014068,0.019439208192194253,0.9491452825045754,72.95,72.44,72.69
0.88,0.9591639777030168,0.015792653477624957,0.9504886881351972,71.9,74.19,73.03
0.9,0.9657958669274521,0.014383351224620134,0.9478018768739536,71.61,72.92,72.26
0.92,0.9733076075835518,0.011405210914602623,0.9464974105369728,71.38,72.1,71.74
0.94,0.9796047668859604,0.008974945160317223,0.9464000623028698,71.0,72.57,71.78
0.96,0.9863792948470912,0.005596612145094909,0.9534870137455708,74.18,74.34,74.26
0.98,0.9932837012013149,0.004012846582300781,0.9519683812935632,73.63,74.61,74.12
1.0,1.0,0.0,0.9512285347143803,74.12,73.21,73.66
